City_ID,City,Lat,Lng,Max Temp,Humidity,Cloudiness,Wind Speed,Country,Date
0,qui nhon,13.7667,109.2333,298.24,89,22,4.96,VN,1712093299
1,avarua,-21.2078,-159.775,302.18,74,75,4.12,CK,1712093299
2,swift current,50.2834,-107.8014,287.6,38,0,6.17,CA,1712093098
3,chui,-33.6971,-53.4616,290.49,70,4,3.04,UY,1712093206
4,fort bragg,35.139,-79.006,303.82,49,20,5.66,US,1712093301
5,ola,59.5833,151.2833,261.76,77,1,3.65,RU,1712093301
6,whitehorse,60.7161,-135.0538,275.58,51,75,2.57,CA,1712093267
7,bilibino,68.0546,166.4372,252.65,79,5,1.23,RU,1712093302
8,wailua homesteads,22.0669,-159.378,300.39,69,75,9.26,US,1712093302
9,puerto natales,-51.7236,-72.4875,278.4,75,40,7.72,CL,1712093303
10,jamestown,42.097,-79.2353,285.92,87,100,6.17,US,1712093074
11,hithadhoo,-0.6,73.0833,301.57,75,91,2.55,MV,1712093304
12,castillos,-34.1667,-53.8333,289.97,69,2,2.88,UY,1712093304
13,dawson creek,55.7666,-120.2362,286.95,30,20,11.83,CA,1712093305
14,anar darah,32.7587,61.654,284.29,55,0,4.68,AF,1712093305
15,port mathurin,-19.6833,63.4167,299.73,82,100,7.42,MU,1712093305
16,longyearbyen,78.2186,15.6401,256.06,71,75,5.14,SJ,1712093306
17,aykhal,66.0,111.5,262.25,91,100,9.09,RU,1712093236
18,bethel,41.3712,-73.414,280.63,85,100,4.02,US,1712093249
19,polyarnyy,69.1989,33.4478,256.01,97,25,3.61,RU,1712093091
20,isla mujeres,21.2311,-86.731,302.18,78,63,8.85,MX,1712093308
21,santeramo in colle,40.793,16.7553,285.46,80,0,1.03,IT,1712093308
22,plainview,40.7765,-73.4673,280.82,90,100,5.66,US,1712093092
23,kodiak,57.79,-152.4072,272.88,40,0,7.72,US,1712093265
24,rizokarpaso,35.6,34.375,291.78,71,12,2.66,CY,1712093309
25,kilindoni,-7.9139,39.6668,301.65,79,100,5.65,TZ,1712093238
26,carauari,-4.8828,-66.8958,303.95,65,100,1.68,BR,1712093310
27,barreiras,-12.1528,-44.99,301.07,62,100,0.72,BR,1712093163
28,uturoa,-16.7333,-151.4333,301.62,75,19,8.49,PF,1712093311
29,salekhard,66.53,66.6019,267.64,79,86,9.07,RU,1712093312
30,port-aux-francais,-49.35,70.2167,280.29,77,82,13.11,TF,1712093312
31,hawaiian paradise park,19.5933,-154.9731,298.72,81,75,7.2,US,1712093312
32,waitangi,-43.9535,-176.5597,286.94,94,100,2.24,NZ,1712093313
33,adamstown,-25.066,-130.1015,297.09,73,53,12.51,PN,1712093313
34,awjilah,29.1081,21.2869,298.18,17,0,2.47,LY,1712093314
35,ilulissat,69.2167,-51.1,270.16,74,75,2.57,GL,1712093314
36,stephenville,32.2207,-98.2023,289.78,55,100,7.72,US,1712093315
37,inirida,3.8653,-67.9239,305.17,56,76,0.84,CO,1712093315
38,nasir,15.5894,32.5634,303.08,12,64,4.43,SD,1712093315
39,acarau,-2.8856,-40.12,300.3,86,100,2.91,BR,1712093316
40,satka,55.0425,59.04,276.71,97,90,3.34,RU,1712093317
41,kingaroy,-26.5333,151.8333,291.61,87,0,0.64,AU,1712093078
42,san patricio,28.017,-97.5169,304.12,23,0,7.91,US,1712093317
43,leer,53.2316,7.461,283.12,91,70,0.45,DE,1712093318
44,grytviken,-54.2811,-36.5092,276.91,76,20,3.69,GS,1712093318
45,prey veng,11.4868,105.3253,300.5,72,8,5.11,KH,1712093319
46,edinburgh of the seven seas,-37.0676,-12.3116,289.0,79,99,7.57,SH,1712093319
47,inarajan village,13.2736,144.7484,300.23,91,99,7.86,GU,1712093320
48,college,64.8569,-147.8028,262.64,58,75,3.6,US,1712093153
49,sinabang,2.4803,96.3801,300.24,81,99,1.18,ID,1712093321
50,filipstad,59.7124,14.1683,270.47,73,100,6.46,SE,1712093321
51,gurupi,-11.7292,-49.0686,300.66,79,100,0.58,BR,1712093224
52,tazacorte,28.629,-17.9293,292.69,93,0,2.57,ES,1712093322
53,bandarbeyla,9.4942,50.8122,300.59,73,52,4.11,SO,1712093266
54,veseloyarsk,51.2836,81.1056,276.74,94,100,3.47,RU,1712093323
55,"kampung bukit tinggi, bentong",3.35,101.8167,298.76,95,80,1.06,MY,1712093324
56,vilyuchinsk,52.9306,158.4028,273.3,80,100,4.08,RU,1712093324
57,satipo,-11.2522,-74.6386,299.8,86,86,0.41,PE,1712093324
58,carnarvon,-24.8667,113.6333,300.73,42,51,7.16,AU,1712093325
59,songadh,21.1667,73.5667,298.96,53,89,1.72,IN,1712093325
60,barra do garcas,-15.89,-52.2567,296.47,100,100,1.58,BR,1712093326
61,helena valley southeast,46.6153,-111.9216,292.69,34,0,5.66,US,1712093326
62,pangai,-19.8,-174.35,302.21,79,40,7.72,TO,1712093327
63,koungou,-12.7336,45.2042,300.99,89,0,2.57,YT,1712093327
64,valparaiso,-33.0393,-71.6273,300.28,44,0,6.17,CL,1712093130
65,west island,-12.1568,96.8225,300.14,78,96,4.12,CC,1712093328
66,rudbar,30.15,62.6,289.78,31,79,6.93,AF,1712093329
67,tommot,58.9564,126.2925,260.33,99,98,1.39,RU,1712093329
68,neelankarai,12.9455,80.2575,302.18,84,20,2.06,IN,1712093329
69,olonkinbyen,70.9221,-8.7187,268.89,63,71,5.65,SJ,1712093121
70,iquique,-20.2208,-70.1431,296.17,70,11,0.83,CL,1712093034
71,tura,25.5198,90.2201,294.23,51,55,2.33,IN,1712093331
72,vadso,70.0744,29.7487,263.24,73,20,2.06,NO,1712093331
73,el granada,37.5027,-122.4694,300.14,67,20,5.14,US,1712093199
74,menongue,-14.6585,17.691,291.23,89,66,2.0,AO,1712093332
75,basoko,1.2391,23.616,296.9,86,85,2.74,CD,1712093332
76,nabire,-3.3667,135.4833,297.78,94,99,0.75,ID,1712093252
77,papatowai,-46.5619,169.4708,285.57,76,100,1.87,NZ,1712093334
78,argo,37.6333,22.7333,291.36,65,100,2.73,GR,1712093334
79,albany,42.6001,-73.9662,281.38,82,100,0.45,US,1712093332
80,bamboo flat,11.7,92.7167,298.2,94,28,1.03,IN,1712093335
81,anadyr,64.75,177.4833,265.43,73,100,6.0,RU,1712093336
82,qaqortoq,60.7167,-46.0333,268.67,78,0,1.21,GL,1712093336
83,luanco,43.6152,-5.7934,287.91,74,70,2.68,ES,1712093337
84,tazovsky,67.4667,78.7,268.37,95,100,7.48,RU,1712093337
85,crane,31.3974,-102.3501,291.91,23,80,6.64,US,1712093337
86,ust-nera,64.5667,143.2,253.0,95,67,0.6,RU,1712093338
87,bredasdorp,-34.5322,20.0403,289.55,84,38,1.26,ZA,1712093338
88,san sebastian de la gomera,28.0916,-17.1133,293.36,68,0,0.51,ES,1712093339
89,saudarkrokur,65.7461,-19.6394,264.25,81,3,3.17,IS,1712093339
90,gilgit,35.9221,74.3087,282.67,57,100,0.66,PK,1712093340
91,margaret river,-33.95,115.0667,283.14,87,0,4.28,AU,1712093340
92,nova sintra,14.8667,-24.7167,292.8,79,15,9.72,CV,1712093340
93,tunceli,39.1083,39.5471,287.8,51,1,1.41,TR,1712093341
94,fisterra,42.9049,-9.2629,287.45,92,25,8.44,ES,1712093342
95,tofol,5.3248,163.0078,301.26,80,100,9.35,FM,1712093342
96,keflavik,64.0049,-22.5624,274.1,100,100,7.2,IS,1712093343
97,lihue,21.9789,-159.3672,300.73,69,75,9.26,US,1712093343
98,punta arenas,-53.15,-70.9167,280.21,65,20,7.72,CL,1712093081
99,prabuty,53.755,19.2055,283.17,75,100,7.15,PL,1712093344
100,merizo village,13.2658,144.6691,300.0,91,99,7.93,GU,1712093345
101,south hedland,-20.4089,118.5983,305.11,31,40,9.26,AU,1712093345
102,ugoofaaru,5.6667,73.0,301.87,71,94,2.57,MV,1712093346
103,two rivers,44.1539,-87.5693,276.11,98,100,7.2,US,1712093346
104,lewiston orchards,46.3804,-116.9754,296.88,41,0,2.06,US,1712093116
105,ad dilam,23.9915,47.1627,295.38,51,100,5.52,SA,1712093347
106,port elizabeth,-33.918,25.5701,291.31,76,0,7.2,ZA,1712093149
107,puerto baquerizo moreno,-0.9,-89.6,302.7,84,20,5.14,EC,1712093348
108,klaksvik,62.2266,-6.589,275.66,57,99,11.58,FO,1712093348
109,tiksi,71.6872,128.8694,247.62,97,72,2.59,RU,1712093349
110,yemva,62.59,50.8594,268.24,90,93,3.14,RU,1712093349
111,rikaze,29.25,88.8833,277.86,37,3,1.98,CN,1712093350
112,sungai penuh,-2.0833,101.3833,293.0,97,88,0.99,ID,1712093350
113,klyuchi,52.2667,79.1667,273.57,93,92,2.68,RU,1712093351
114,thames,-37.1333,175.5333,290.22,63,3,0.67,NZ,1712093351
115,thompson,55.7435,-97.8558,275.24,64,100,0.0,CA,1712093352
116,hrodna,53.6884,23.8258,282.01,78,100,8.35,BY,1712093352
117,utrik,11.2278,169.8474,299.98,74,100,7.81,MH,1712093352
118,kalamata,37.0389,22.1142,290.99,58,55,4.12,GR,1712093229
119,chichigalpa,12.5776,-87.027,307.99,29,20,3.09,NI,1712093353
120,richards bay,-28.783,32.0377,295.05,90,2,1.57,ZA,1712093354
121,novodvinsk,64.4165,40.8122,265.81,82,84,2.26,RU,1712093354
122,dryden,49.7833,-92.7503,278.31,48,100,3.09,CA,1712093059
123,dudinka,69.4058,86.1778,259.08,90,100,2.24,RU,1712093355
124,heihe,50.2441,127.4902,273.96,80,27,2.32,CN,1712093355
125,puerto ayora,-0.7393,-90.3518,302.13,90,88,2.24,EC,1712093356
126,tsurugi-asahimachi,36.45,136.6333,282.05,55,100,1.4,JP,1712093356
127,new norfolk,-42.7826,147.0587,281.99,90,90,1.21,AU,1712093357
128,iqaluit,63.7506,-68.5145,273.0,93,100,3.09,CA,1712093357
129,cill airne,52.05,-9.5167,280.4,96,100,1.84,IE,1712093358
130,doka,13.5167,35.7667,303.32,18,98,1.54,SD,1712093358
131,calliope,-24.0,151.2,295.06,88,40,2.57,AU,1712093154
132,yellowknife,62.456,-114.3525,272.44,59,75,5.14,CA,1712093359
133,dezhou,37.4486,116.2925,283.45,56,100,6.58,CN,1712093360
134,chegdomyn,51.1167,133.0167,268.0,96,100,0.63,RU,1712093360
135,mili,6.0815,171.735,301.22,77,100,7.87,MH,1712093360
136,el rosario,24.2556,-107.1828,301.23,20,0,8.11,MX,1712093252
137,tolanaro,-25.0319,46.9987,296.19,83,75,2.57,MG,1712093362
138,kupang,-10.1667,123.5833,299.47,100,75,2.06,ID,1712093362
139,guitiriz,43.1817,-7.8966,284.71,95,100,4.03,ES,1712093363
140,callaway,30.153,-85.5699,297.54,89,100,8.23,US,1712093363
141,coro,11.4045,-69.6734,302.11,68,96,8.64,VE,1712093364
142,dwarka,22.2394,68.9678,297.87,81,47,5.04,IN,1712093364
143,yinchuan,38.4681,106.2731,282.89,50,94,1.44,CN,1712093365
144,darwin,-12.4611,130.8418,299.14,93,0,3.09,AU,1712093279
145,blackmans bay,-43.0167,147.3167,281.33,80,100,0.45,AU,1712093366
146,new plymouth,-39.0667,174.0833,286.66,82,72,3.53,NZ,1712093366
147,aasiaat,68.7098,-52.8699,266.72,88,84,2.2,GL,1712093367
148,tesechoacan,18.1333,-95.6667,317.44,18,37,5.41,MX,1712093367
149,gizo,-8.103,156.8419,301.33,78,90,2.46,SB,1712093367
150,sompeta,18.9333,84.6,300.66,74,3,5.27,IN,1712093368
151,nadvoitsy,63.8667,34.3167,267.95,83,100,5.2,RU,1712093368
152,kroya,-7.6331,109.2461,299.7,88,100,2.05,ID,1712093369
153,suoyarvi,62.0833,32.35,270.16,93,100,5.64,RU,1712093369
154,marawi city,8.0,124.2833,292.29,91,14,0.79,PH,1712093370
155,arraial do cabo,-22.9661,-42.0278,298.13,83,0,3.09,BR,1712093370
156,yaren,-0.5472,166.916,300.9,77,91,1.91,NR,1712093371
157,xuddur,4.1213,43.8894,298.23,79,48,5.23,SO,1712093371
158,port alfred,-33.5906,26.891,289.92,85,73,1.79,ZA,1712093371
159,korba,22.35,82.6833,300.36,24,100,2.4,IN,1712093372
160,luderitz,-26.6481,15.1594,290.68,75,0,2.77,NA,1712093372
161,vytegra,61.0064,36.4481,273.91,90,100,5.36,RU,1712093373
162,namtsy,62.7161,129.6658,257.29,98,72,2.42,RU,1712093235
163,adana,36.985,35.2881,289.16,82,0,3.09,TR,1712093374
164,ribeira grande,38.5167,-28.7,289.37,88,40,8.75,PT,1712093374
165,isafjordur,66.0755,-23.124,268.04,73,15,2.48,IS,1712093375
166,bumba,2.1833,22.4667,296.99,85,92,0.52,CD,1712093376
167,mitu,1.1983,-70.1733,301.07,88,87,0.25,CO,1712093376
168,mount pearl,47.5166,-52.7813,274.79,90,75,9.77,CA,1712093377
169,ushuaia,-54.8,-68.3,278.96,70,75,2.57,AR,1712093228
170,gumi,36.1136,128.336,285.97,97,100,1.28,KR,1712093378
171,daru,-9.0763,143.2092,299.29,89,75,0.58,PG,1712093378
172,la passe,45.5549,-0.8967,285.28,91,100,9.01,FR,1712093379
173,invercargill,-46.4,168.35,283.5,81,100,3.07,NZ,1712093290
174,moyynkum,44.2914,72.9469,280.29,52,84,3.77,KZ,1712093379
175,wynyard,-41.0,145.7167,281.3,82,24,3.37,AU,1712093380
176,forio,40.7342,13.8646,287.88,82,32,0.45,IT,1712093380
177,mumbai,19.0144,72.8479,300.14,78,87,2.06,IN,1712092800
178,chonchi,-42.6128,-73.8092,282.34,90,93,3.63,CL,1712093381
179,neryungri,56.6709,124.6491,267.67,92,100,4.72,RU,1712093382
180,san luis,-33.295,-66.3356,298.24,42,44,6.54,AR,1712093184
181,ta`u,-14.2336,-169.5144,302.35,79,100,8.38,AS,1712093383
182,esqueda,30.7167,-109.5833,288.32,34,12,4.56,MX,1712093383
183,san antonio de pale,-1.4014,5.6325,301.94,74,66,1.93,GQ,1712093384
184,belyayevka,51.3974,56.4096,278.52,84,97,0.59,RU,1712093384
185,princeville,45.7668,-61.2985,276.78,86,100,4.12,CA,1712093384
186,tayshet,55.9342,98.0044,270.42,96,100,1.41,RU,1712093385
187,port saint john's,-31.6229,29.5448,295.0,79,100,3.5,ZA,1712093386
188,papao,-17.75,-149.55,302.97,76,37,9.26,PF,1712093386
189,magadan,59.5667,150.8,262.8,70,1,3.08,RU,1712093386
190,ginir,7.1333,40.7,289.47,87,96,1.9,ET,1712093387
191,port lincoln,-34.7333,135.8667,287.9,78,97,2.72,AU,1712093387
192,podgornoye,51.735,39.1496,291.27,32,0,8.0,RU,1712093388
193,wingham,43.8879,-81.3114,280.69,88,100,11.48,CA,1712093388
194,mahina,-17.5065,-149.489,303.02,66,20,3.6,PF,1712093389
195,saipan,15.1355,145.701,300.54,1,75,4.63,MP,1712093389
196,soligalich,59.0778,42.2864,281.86,99,100,3.57,RU,1712093389
197,chinchilla,-26.75,150.6333,296.49,85,6,0.89,AU,1712093390
198,la ronge,55.1001,-105.2842,282.29,31,75,4.63,CA,1712093390
199,minas de marcona,-15.2119,-75.1103,293.94,64,79,5.21,PE,1712093391
200,enewetak,11.3474,162.3373,299.89,82,100,10.01,MH,1712093391
201,yuzhno-kurilsk,44.0306,145.8556,271.14,88,7,1.67,RU,1712093392
202,usinsk,65.9939,57.5281,257.08,93,35,5.36,RU,1712093392
203,labytnangi,66.6572,66.4183,265.55,85,73,6.31,RU,1712093393
204,iskateley,67.6803,53.1512,253.16,93,5,3.58,RU,1712093393
205,gadzhiyevo,69.2551,33.3362,255.42,98,33,3.84,RU,1712093360
206,palmer,42.1584,-72.3287,281.49,79,100,3.09,US,1712093394
207,franceville,-1.6333,13.5836,296.92,86,99,1.66,GA,1712093394
208,mogadishu,2.0371,45.3438,301.59,75,13,3.24,SO,1712093395
209,east london,-33.0153,27.9116,292.53,68,9,4.13,ZA,1712093395
210,tamanrasset,22.785,5.5228,299.1,9,0,3.09,DZ,1712093396
211,hermanus,-34.4187,19.2345,286.93,81,37,3.99,ZA,1712093396
212,santa cruz,-17.8,-63.1667,300.18,78,40,6.17,BO,1712093397
213,guerrero negro,27.9769,-114.0611,294.13,45,0,4.36,MX,1712093219
214,okha,53.5739,142.9478,265.42,91,94,4.76,RU,1712093397
215,amga,60.8953,131.9608,255.61,100,100,1.22,RU,1712093398
216,nelson bay,-32.7167,152.15,290.93,83,51,3.58,AU,1712093398
217,rockdale,33.6501,-84.0166,300.0,51,75,2.57,US,1712093399
218,kenai,60.5544,-151.2583,271.2,68,100,2.57,US,1712093399
219,taroa,8.7058,171.2275,300.35,72,100,7.64,MH,1712093400
220,dalbandin,28.8947,64.4101,292.92,21,39,2.69,PK,1712093400
221,coronel suarez,-37.4547,-61.9334,290.79,51,92,7.52,AR,1712093401
222,olinda,-8.0089,-34.8553,303.0,79,40,3.6,BR,1712093128
223,petropavlovsk-kamchatsky,53.0452,158.6483,272.48,82,75,6.26,RU,1712093404
224,udachny,66.4167,112.4,262.64,87,100,7.05,RU,1712093405
225,cambria,35.5641,-121.0808,298.84,74,0,2.68,US,1712093363
226,sokoni,-6.4333,39.55,299.87,87,100,5.84,TZ,1712093406
227,salalah,17.0151,54.0924,301.2,51,0,1.54,OM,1712093408
228,shalkar,47.8288,59.6258,281.75,72,67,2.04,KZ,1712093408
229,linxia chengguanzhen,35.6003,103.2064,279.9,65,100,2.07,CN,1712093409
230,yarmouth,41.7057,-70.2286,281.46,75,100,3.6,US,1712093409
231,callao,-12.0667,-77.15,298.31,65,0,7.2,PE,1712093212
232,iwaki,37.05,140.8833,278.49,70,100,2.05,JP,1712093410
233,hatillo,18.4863,-66.8254,300.99,78,50,5.36,PR,1712093411
234,masinloc,15.5333,120.05,291.16,75,36,2.01,PH,1712093411
235,hasaki,35.7333,140.8333,284.42,73,100,2.97,JP,1712093412
236,priozersk,61.0393,30.1291,273.76,84,100,7.94,RU,1712093412
237,mpika,-11.8343,31.4529,289.72,96,17,2.07,ZM,1712093413
238,cankuzo,-3.1333,30.5833,288.23,96,18,0.89,BI,1712093413
239,nago,26.5881,127.9761,298.4,94,69,6.55,JP,1712093414
240,grand baie,-20.0182,57.5802,299.41,78,100,2.68,MU,1712093414
241,badger,64.8,-147.5333,262.59,62,75,3.6,US,1712093415
242,oranjemund,-28.55,16.4333,288.77,88,19,3.63,NA,1712093415
243,alice springs,-23.7,133.8833,289.38,53,0,2.57,AU,1712093415
244,nikolayevsk-on-amure,53.1406,140.73,264.16,98,98,1.63,RU,1712093259
245,kodinsk,58.6881,99.1844,266.73,98,99,1.73,RU,1712093416
246,inyati,-19.6756,28.8469,290.68,59,30,3.63,ZW,1712093417
247,mitsamiouli,-11.3847,43.2844,301.35,78,100,3.51,KM,1712093417
248,tralee,52.2704,-9.7026,280.75,96,100,1.64,IE,1712093418
249,happy valley-goose bay,53.3168,-60.3315,275.32,75,75,7.2,CA,1712093174
250,salinas,36.6777,-121.6555,298.5,60,0,5.66,US,1712093407
251,caleta de carquin,-11.0925,-77.6267,296.51,77,25,4.18,PE,1712093419
252,nyurba,63.2842,118.3319,259.28,99,99,2.43,RU,1712093420
253,ancud,-41.8697,-73.8203,283.91,79,59,7.19,CL,1712093420
254,dhangadhi,28.7079,80.5961,294.3,24,100,1.3,NP,1712093421
255,cabo san lucas,22.8909,-109.9124,299.6,53,0,5.14,MX,1712093211
256,buritama,-21.0661,-50.1472,299.48,72,97,1.49,BR,1712093422
257,beloyarskiy,63.7119,66.6722,274.82,100,100,4.92,RU,1712093215
258,hilo,19.7297,-155.09,299.31,79,75,7.2,US,1712093423
259,sur,22.5667,59.5289,299.7,46,89,2.53,OM,1712093423
260,sarupathar,26.1984,93.8094,292.79,89,1,1.71,IN,1712093424
261,metlili chaamba,32.2667,3.6333,293.67,26,0,2.06,DZ,1712093424
262,sheringham,52.9408,1.2093,283.18,93,100,5.24,GB,1712093425
263,topchikha,52.8192,83.1185,278.35,95,98,1.65,RU,1712093425
264,newman,37.3138,-121.0208,298.18,45,0,1.79,US,1712093143
265,gyanpur,25.35,82.4667,298.9,19,100,2.75,IN,1712093426
266,mejit,10.2753,170.8646,299.98,73,100,8.22,MH,1712093427
267,codrington,-38.2667,141.9667,286.79,86,79,3.3,AU,1712093427
268,ushtobe,45.2514,77.9838,281.33,47,82,1.81,KZ,1712093428
269,alofi,-19.0595,-169.9187,303.09,70,40,7.2,NU,1712093428
270,khovd,48.0056,91.6419,273.37,43,5,0.11,MN,1712093429
271,yoro,15.1333,-87.1333,309.44,30,40,3.09,HN,1712093429
272,youhao,47.8667,128.8333,270.32,91,53,0.84,CN,1712093430
273,georgetown,5.4112,100.3354,302.11,88,20,1.54,MY,1712093231
274,sweet home,44.3976,-122.7362,297.33,52,2,1.34,US,1712093431
275,haiku-pauwela,20.9219,-156.3051,301.05,68,40,9.77,US,1712093431
276,cockburn town,21.4612,-71.1419,298.15,78,12,7.63,TC,1712093432
277,hadibu,12.65,54.0333,299.62,76,90,3.33,YE,1712093432
278,graaff-reinet,-32.2522,24.5308,290.23,60,73,1.24,ZA,1712093433
279,berezovyy,51.6667,135.7,270.65,75,24,0.92,RU,1712093434
280,rongelap,11.1635,166.8941,299.81,81,100,7.76,MH,1712093434
281,yakymivka,46.6897,35.1536,286.05,67,80,5.05,UA,1712093435
282,grand island,40.925,-98.342,287.12,28,0,14.4,US,1712093294
283,vega de alatorre,20.0333,-96.6333,301.63,71,56,6.34,MX,1712093435
284,alto barinas,8.5931,-70.2261,306.08,44,100,1.89,VE,1712093436
285,mengcheng chengguanzhen,33.2661,116.566,284.54,85,100,4.33,CN,1712093436
286,niamey,13.5137,2.1098,310.31,9,98,2.57,NE,1712093437
287,gdov,58.7406,27.8122,282.09,99,99,4.18,RU,1712093437
288,sikandarpur,26.05,84.05,298.25,19,95,3.95,IN,1712093438
289,karatuzskoye,53.6072,92.8667,275.58,94,100,0.45,RU,1712093438
290,mirnyy,62.5353,113.9611,267.27,92,94,4.72,RU,1712093439
291,afaahiti,-17.75,-149.2833,302.08,76,64,8.32,PF,1712093439
292,suances,43.4334,-4.0434,290.36,55,40,3.09,ES,1712093439
293,fonte boa,-2.4959,-66.2662,300.6,87,84,0.82,BR,1712093440
294,staraya russa,57.9944,31.3608,282.58,90,100,3.03,RU,1712093440
295,melekeok village,7.4957,134.6367,299.46,94,75,3.09,PW,1712093441
296,bubaque,11.2833,-15.8333,297.89,73,8,9.49,GW,1712093441
297,shady hollow,30.1649,-97.8622,297.1,45,20,5.14,US,1712093442
298,empangeni,-28.762,31.8933,293.76,95,4,1.64,ZA,1712093442
299,maisi,43.0395,41.2621,286.78,65,20,3.07,GE,1712093442
300,monrovia,6.3005,-10.7969,301.02,89,51,3.51,LR,1712093443
301,fort st. john,56.2499,-120.8529,285.09,37,75,11.32,CA,1712093158
302,mazatlan,23.2167,-106.4167,301.13,46,20,5.66,MX,1712093174
303,hamilton,39.1834,-84.5333,296.5,79,100,6.69,US,1712093222
304,stanley,54.868,-1.6985,280.92,96,40,1.03,GB,1712093445
305,lospalos,-8.5186,127.0025,295.8,90,100,0.32,TL,1712093177
306,meadow lakes,61.6247,-149.6011,270.68,70,100,1.54,US,1712093445
307,walvis bay,-22.9575,14.5053,288.76,88,1,2.06,NA,1712093446
308,hammerfest,70.6634,23.6821,266.4,86,75,2.06,NO,1712093446
309,kerikeri,-35.2268,173.9474,293.11,55,5,0.5,NZ,1712093447
310,mawu,29.5923,107.3139,288.79,97,89,0.92,CN,1712093447
311,nemuro,43.3236,145.575,274.28,68,1,2.88,JP,1712093448
312,sanluri,39.5611,8.8994,286.18,70,100,0.63,IT,1712093448
313,praia da vitoria,38.7333,-27.0667,290.29,82,40,8.24,PT,1712093449
314,sao felix do xingu,-6.6447,-51.995,299.39,96,88,0.3,BR,1712093330
315,harper,4.375,-7.7169,300.99,89,44,2.67,LR,1712093449
316,galle,6.0367,80.217,299.58,85,96,2.44,LK,1712093450
317,nar'yan-mar,67.6713,53.087,253.21,93,5,3.58,RU,1712093450
318,christchurch,-43.5333,172.6333,287.26,83,84,5.66,NZ,1712093167
319,fortuna,40.5982,-124.1573,288.9,94,100,6.17,US,1712093451
320,strezhevoy,60.7333,77.5889,273.13,98,100,1.79,RU,1712093152
321,tomatlan,19.9333,-105.25,306.65,27,84,6.5,MX,1712093452
322,khorixas,-20.3667,14.9667,296.24,50,90,1.78,NA,1712093452
323,port blair,11.6667,92.75,298.17,94,26,1.03,IN,1712093345
324,half moon,34.826,-77.4594,302.72,58,40,5.14,US,1712093453
325,altinekin,38.3078,32.8686,287.46,31,100,2.58,TR,1712093454
326,quatre cocos,-20.2078,57.7625,299.21,78,100,8.23,MU,1712093454
327,la sarre,48.8002,-79.1996,275.57,66,24,6.01,CA,1712093211
328,afif,23.9065,42.9172,289.84,78,56,6.63,SA,1712093455
329,verkhneyarkeyevo,55.4505,54.3145,278.99,82,31,6.59,RU,1712093455
330,tabas,33.5959,56.9244,288.37,28,2,1.28,IR,1712093456
331,tosontsengel,48.7567,98.2839,262.13,91,45,1.08,MN,1712093456
332,puerto lempira,15.2667,-83.7667,302.23,70,20,4.63,HN,1712093170
333,quellon,-43.1167,-73.6167,282.14,82,99,7.04,CL,1712093458
334,howard springs,-12.497,131.047,299.1,91,89,3.13,AU,1712093458
335,kruisfontein,-34.0033,24.7314,288.09,86,56,3.73,ZA,1712093459
336,fukuecho,32.6881,128.8419,291.71,98,100,8.97,JP,1712093459
337,vorgashor,67.5833,63.95,256.52,91,100,8.64,RU,1712093459
338,general roca,-39.0333,-67.5833,295.16,37,100,15.18,AR,1712093421
339,katima mulilo,-17.5,24.2667,296.67,53,96,2.29,NA,1712093460
340,mugia,43.1041,-9.2179,287.54,92,28,9.17,ES,1712093461
341,weining,26.85,104.2333,284.31,84,6,2.65,CN,1712093461
342,necochea,-38.5473,-58.7368,292.18,44,100,7.98,AR,1712093462
343,floresti,47.8933,28.3014,283.89,57,44,7.63,MD,1712093462
344,puerto san jose,13.9256,-90.8244,304.11,60,1,5.67,GT,1712093463
345,byron bay,-28.65,153.6167,295.77,83,10,2.99,AU,1712093168
346,farmington,36.7281,-108.2187,288.79,21,0,5.14,US,1712093183
347,vodnyy,63.5046,53.4095,262.27,98,82,1.66,RU,1712093464
348,springbok,-29.6643,17.8865,293.21,27,21,3.19,ZA,1712093464
349,kailua-kona,19.6406,-155.9956,300.13,78,0,4.63,US,1712093323
350,opuwo,-18.0607,13.84,294.0,59,41,1.42,NA,1712093465
351,kavieng,-2.5744,150.7967,301.73,76,100,4.91,PG,1712093466
352,jackson,42.4165,-122.8345,298.35,46,0,1.79,US,1712093282
353,madera,37.1666,-119.8343,298.28,48,0,1.78,US,1712093467
354,masterton,-40.9597,175.6575,288.09,56,8,2.15,NZ,1712093468
355,katsuren-haebaru,26.3369,127.8719,298.37,87,100,5.66,JP,1712093468
356,perry,37.2506,-83.1999,296.25,75,100,4.83,US,1712093422
357,salaqi,40.5414,110.5108,280.83,51,46,2.39,CN,1712093469
358,quinte west,44.1834,-77.5662,284.22,46,100,3.09,CA,1712093469
359,south weber,41.1324,-111.9302,287.91,44,0,2.57,US,1712093189
360,itoman,26.1247,127.6694,298.37,94,75,6.17,JP,1712093470
361,vel'sk,61.0701,42.0983,274.97,90,100,3.58,RU,1712093303
362,lycksele,64.5954,18.6735,257.08,92,20,2.57,SE,1712093471
363,susuman,62.7833,148.1667,250.36,93,9,0.89,RU,1712093472
364,port dickson,2.5228,101.7959,298.27,83,60,2.2,MY,1712093472
365,remire-montjoly,4.9167,-52.2667,303.17,74,100,5.14,GF,1712093472
366,at taj,24.2049,23.2857,294.47,19,0,5.08,LY,1712093473
367,kingston,17.997,-76.7936,303.68,67,20,11.32,JM,1712093358
368,buala,-8.145,159.5921,300.03,87,100,2.02,SB,1712093474
369,axim,4.8699,-2.2405,300.82,87,83,2.7,GH,1712093475
370,khanty-mansiysk,61.0042,69.0019,276.21,70,40,5.0,RU,1712093475
371,bocas del toro,9.3333,-82.25,300.79,73,24,2.84,PA,1712093476
372,urzhar,47.093,81.6294,278.52,58,64,1.27,KZ,1712093476
373,talnakh,69.4865,88.3972,260.24,80,100,4.23,RU,1712093477
374,shamil'kala,42.6858,46.8639,287.61,65,0,2.52,RU,1712093477
375,taoudenni,22.6783,-3.9836,305.91,14,7,5.99,ML,1712093478
376,kirakira,-10.4544,161.9205,299.37,88,100,2.15,SB,1712093478
377,jinja,0.439,33.2032,291.86,96,100,1.06,UG,1712093479
378,greenville,35.6127,-77.3663,303.24,47,0,7.2,US,1712093418
379,cidreira,-30.1811,-50.2056,294.83,82,99,3.54,BR,1712093480
380,las toscas,-28.3529,-59.258,296.53,82,71,4.13,AR,1712093481
381,uttaradit,17.6667,100.5,297.61,44,58,0.94,TH,1712093481
382,glace bay,46.1969,-59.957,276.25,94,100,6.17,CA,1712093482
383,garhwa,24.1833,83.8167,297.98,22,72,1.5,IN,1712093482
384,linqiong,30.4159,103.4609,290.05,74,100,2.04,CN,1712093483
385,atar,20.5169,-13.0499,305.49,16,50,4.16,MR,1712093483
386,puerto armuelles,8.2833,-82.8667,305.14,54,28,0.45,PA,1712093484
387,kencong,-8.2833,113.3667,297.77,93,37,1.19,ID,1712093484
388,tikapur,28.5,81.1333,294.22,21,100,1.74,NP,1712093485
389,broome,42.2506,-75.833,280.36,94,100,5.14,US,1712093486
390,lethbridge,49.7,-112.8186,292.42,34,75,10.8,CA,1712093486
391,pikeville,37.4793,-82.5188,297.77,74,100,4.63,US,1712093239
392,norderstedt,53.7,10.0167,282.66,94,75,3.09,DE,1712093488
393,loralai,30.3705,68.598,288.27,32,29,3.19,PK,1712093488
394,puerto carreno,6.189,-67.4859,299.14,94,95,3.09,CO,1712093489
395,bryne,58.7354,5.6477,279.39,92,75,3.09,NO,1712093489
396,el tigre,8.8875,-64.2454,303.52,53,98,4.24,VE,1712093489
397,bayamo,20.3792,-76.6433,306.38,33,65,3.21,CU,1712093490
398,koundara,12.4833,-13.3,308.75,19,0,1.19,GN,1712093490
399,laizhou,37.1717,119.9214,283.75,73,100,5.75,CN,1712093491
400,san clemente del tuyu,-36.3569,-56.7235,290.92,61,69,5.45,AR,1712093345
401,majuro,7.0897,171.3803,302.13,74,75,3.09,MH,1712093492
402,labrador city,52.9463,-66.9114,275.1,72,100,4.12,CA,1712093409
403,lapy,52.9911,22.8842,282.19,77,100,10.85,PL,1712093493
404,franklin,39.9667,-83.0166,293.55,90,75,5.14,US,1712093363
405,taltal,-25.4,-70.4833,292.54,80,23,2.35,CL,1712093420
406,alvaraes,-3.2208,-64.8042,305.08,92,93,0.51,BR,1712093494
407,pacific grove,36.6177,-121.9166,296.7,71,0,4.63,US,1712093450
408,bathsheba,13.2167,-59.5167,298.49,88,75,8.23,BB,1712093495
409,mount gambier,-37.8333,140.7667,286.49,87,96,2.12,AU,1712093445
410,smithers,54.7804,-127.1743,281.33,39,20,8.75,CA,1712093496
411,gisborne,-38.6533,178.0042,290.08,70,9,2.04,NZ,1712093203
412,colonia,50.9333,6.95,284.72,82,20,3.6,DE,1712093389
413,kudahuvadhoo,2.6708,72.8944,301.53,71,100,0.98,MV,1712093497
414,rockland,41.1668,-74.0496,280.07,90,100,0.89,US,1712093497
415,kusheriki,10.5328,6.4422,304.85,15,41,1.45,NG,1712093498
416,nova vicosa,-17.8919,-39.3719,299.59,77,89,1.91,BR,1712093343
417,vila franca do campo,37.7167,-25.4333,291.42,99,88,9.1,PT,1712093499
418,yingshang chengguanzhen,32.6295,116.2701,285.64,90,100,4.29,CN,1712093499
419,kitui,-1.367,38.0106,292.21,98,100,1.96,KE,1712093501
420,safi,32.1667,-8.8333,286.73,67,34,3.74,MA,1712093404
421,vila do maio,15.1333,-23.2167,295.59,78,9,8.14,CV,1712093502
422,faqirwali,29.4663,73.034,295.87,22,58,4.1,PK,1712093503
423,peniche,39.3558,-9.3811,287.35,96,8,4.44,PT,1712093503
424,cabedelo,-6.9811,-34.8339,302.52,82,39,4.4,BR,1712093488
425,kembe,4.6228,21.8865,297.11,73,86,1.82,CF,1712093504
426,bridlington,54.0831,-0.1919,284.2,91,100,5.8,GB,1712093504
427,maceio,-9.6658,-35.7353,300.84,89,20,3.09,BR,1712093284
428,sakakah,29.9697,40.2064,291.91,21,15,2.13,SA,1712093505
429,touros,-5.1989,-35.4608,300.53,82,63,2.47,BR,1712093505
430,kapuskasing,49.4169,-82.4331,280.15,26,75,5.66,CA,1712093506
431,kalemie,-5.9475,29.1947,294.11,90,84,2.36,CD,1712093506
432,boda,4.3189,17.4695,298.5,61,100,2.2,CF,1712093507
433,coquimbo,-29.9533,-71.3436,291.0,77,20,3.6,CL,1712093421
434,howrah,22.5892,88.3103,301.15,83,7,1.54,IN,1712093508
435,yanam,16.7333,82.2167,298.08,97,6,0.93,IN,1712093508
436,flying fish cove,-10.4217,105.6791,299.97,89,100,4.63,CX,1712093355
437,clear lake,43.138,-93.3794,279.08,78,100,11.32,US,1712093509
438,nguigmi,14.2495,13.1092,303.74,17,95,3.1,NE,1712093509
439,alpine,32.835,-116.7664,296.43,46,0,4.63,US,1712093375
440,roza,54.9163,61.4586,281.12,93,68,3.5,RU,1712093510
441,mesquite,32.7668,-96.5992,291.91,53,40,8.75,US,1712093243
442,vernon,50.2581,-119.2691,294.95,46,100,1.03,CA,1712093511
443,cuenca,-2.8833,-78.9833,291.22,72,75,1.54,EC,1712093406
444,st. john's,47.5649,-52.7093,275.25,90,75,9.83,CA,1712093281
445,smidovich,48.6,133.8167,274.21,64,93,3.46,RU,1712093512
446,laguna,38.421,-121.4238,297.65,42,0,4.12,US,1712093043
447,keetmanshoop,-26.5833,18.1333,294.66,64,98,4.63,NA,1712093513
448,aginskoye,51.1,114.53,265.75,86,69,3.98,RU,1712093513
449,reggane,26.7158,0.1714,302.05,12,0,3.17,DZ,1712093514
450,freetown,8.484,-13.2299,299.2,75,82,3.53,SL,1712093514
451,mek'ele,13.4967,39.4753,291.22,67,80,3.07,ET,1712093514
452,monterey,36.2505,-121.2516,295.32,40,0,1.68,US,1712093443
453,tadine,-21.55,167.8833,299.06,71,7,5.31,NC,1712093515
454,greymouth,-42.4667,171.2,287.27,78,100,1.6,NZ,1712093516
455,mairinque,-23.5458,-47.1833,299.29,72,100,1.03,BR,1712093516
456,schweizer-reneke,-27.1887,25.3293,290.75,62,25,1.87,ZA,1712093516
457,lorengau,-2.0226,147.2712,301.51,81,91,3.86,PG,1712093517
458,aras-asan,8.8908,126.3033,298.32,84,25,0.42,PH,1712093517
459,kourou,5.1552,-52.6478,303.18,79,31,3.61,GF,1712093340
460,constantia,44.1833,28.65,285.76,56,97,3.49,RO,1712093518
461,gaigeturi,33.4644,126.3183,289.18,94,100,1.03,KR,1712093519
462,vilhena,-12.7406,-60.1458,301.27,69,40,3.6,BR,1712093519
463,thunder bay,48.4001,-89.3168,278.14,48,100,4.12,CA,1712093520
464,charlottetown,46.2352,-63.1267,274.69,98,100,5.14,CA,1712093252
465,aldinga beach,-35.2793,138.4604,288.52,76,67,1.41,AU,1712093521
466,vitali,7.3711,122.2886,299.0,83,35,1.26,PH,1712093521
467,holualoa,19.6228,-155.9522,298.06,80,0,4.63,US,1712093521
468,port macquarie,-31.4333,152.9167,293.09,75,6,5.21,AU,1712093368
469,dickinson,29.4608,-95.0513,302.64,33,0,7.2,US,1712093522
470,rosario de mora,13.5753,-89.2089,304.7,61,20,5.66,SV,1712093523
471,kununurra,-15.7667,128.7333,300.14,89,75,2.06,AU,1712093523
472,les cayes,18.2,-73.75,300.33,66,74,4.38,HT,1712093524
473,la'ie,21.6477,-157.9253,301.13,70,85,4.92,US,1712093524
474,barrouallie,13.2333,-61.2667,298.94,78,75,4.63,VC,1712093524
475,nadi,-17.8,177.4167,302.15,74,75,1.54,FJ,1712093471
476,lashio,22.9333,97.75,294.29,39,69,0.26,MM,1712093525
477,beatrice,40.2681,-96.747,288.25,25,0,14.4,US,1712093525
478,tsiombe,-25.3,45.4833,294.44,87,0,4.96,MG,1712093526
479,posse,-14.0931,-46.3694,296.33,82,97,0.38,BR,1712093526
480,cestos city,5.46,-9.5828,300.87,90,33,2.7,LR,1712093527
481,brokopondo,4.75,-55.1667,304.39,60,86,5.76,SR,1712093527
482,praya,14.9215,-23.5087,295.45,78,20,9.26,CV,1712093528
483,eksere,36.8134,31.9997,289.63,56,99,1.57,TR,1712093528
484,hami,42.8,93.45,279.92,41,29,0.65,CN,1712093529
485,acapulco de juarez,16.8634,-99.8901,301.05,74,0,6.17,MX,1712093529
486,mahuta,-10.8667,39.45,293.94,98,97,0.31,TZ,1712093530
487,urangan,-25.3,152.9,297.15,96,3,1.79,AU,1712093530
488,illizi,26.4833,8.4667,301.04,9,72,3.19,DZ,1712093530
489,aripuana,-9.1667,-60.6333,299.44,83,99,0.75,BR,1712093531
490,katsuura,35.1333,140.3,289.16,77,97,4.39,JP,1712093531
491,latur,18.4,76.5833,303.52,23,80,3.57,IN,1712093531
492,aydarken,39.9443,71.3429,276.04,67,100,1.16,KG,1712093532
493,lazaro cardenas,17.9583,-102.2,301.06,64,95,5.94,MX,1712093440
494,takoradi,4.8845,-1.7554,301.11,86,90,2.5,GH,1712093533
495,antsiranana,-12.2787,49.2917,299.02,86,96,5.24,MG,1712093533
496,chinsali,-10.5414,32.0816,290.65,97,79,1.86,ZM,1712093533
497,kongolo,-5.3833,27.0,295.04,96,98,0.37,CD,1712093534
498,phan thiet,10.9333,108.1,297.55,87,69,1.64,VN,1712093534
499,zaozersk,69.4005,32.4476,255.16,97,61,3.12,RU,1712093535
500,portland,45.5234,-122.6762,297.12,47,20,3.13,US,1712093292
501,kokstad,-30.5472,29.4241,288.11,98,73,1.25,ZA,1712093536
502,cox's bazar,21.4532,91.9798,298.24,91,55,2.73,BD,1712093536
503,heyuan,23.7333,114.6833,295.37,94,7,0.93,CN,1712093537
504,gueckedou,8.6667,-10.25,297.34,79,75,1.47,GN,1712093537
505,aioun,16.6614,-9.6149,308.29,13,0,4.84,MR,1712093538
506,bereket,39.2446,55.5154,288.89,35,9,3.57,TM,1712093538
507,pilar do sul,-23.8131,-47.7164,295.51,78,100,0.54,BR,1712093539
508,kaiapoi,-43.3783,172.6401,289.3,83,89,5.66,NZ,1712093539
509,lensk,60.7253,114.9278,267.68,95,99,3.32,RU,1712093539
510,mont-tremblant,46.1949,-74.6264,282.92,29,11,1.54,CA,1712092793
511,champerico,14.3,-91.9167,308.45,63,5,6.01,GT,1712093541
512,namibe,-15.1961,12.1522,296.59,77,35,3.2,AO,1712093541
513,ojai,34.4481,-119.2429,298.56,54,3,1.79,US,1712093542
514,maymana,35.9214,64.7836,281.58,73,11,0.69,AF,1712093542
515,tenenkou,14.4572,-4.9169,308.98,12,78,3.74,ML,1712093542
516,alaghsas,17.0187,8.0168,304.13,7,93,4.92,NE,1712093543
517,ulladulla,-35.35,150.4667,289.51,63,55,0.4,AU,1712093544
518,kavaratti,10.5669,72.642,301.6,74,83,2.66,IN,1712093544
519,danilovka,50.3557,44.1168,285.68,56,80,6.19,RU,1712093545
520,san mariano,7.5,126.0,293.77,92,39,1.25,PH,1712093545
521,bulawayo,-20.15,28.5833,290.63,58,37,3.88,ZW,1712093546
522,road town,18.4167,-64.6167,300.17,69,20,6.17,VG,1712093546
523,nizhneangarsk,55.7833,109.55,258.15,88,16,1.79,RU,1712093547
524,pacocha,-17.5833,-71.3333,297.23,57,0,2.57,PE,1712093547
525,geraldton,-28.7667,114.6,296.38,35,77,8.23,AU,1712093357
526,vainode,56.4333,21.8667,276.14,90,100,4.18,LV,1712093548
527,sittwe,20.15,92.9,299.03,88,5,1.13,MM,1712093548
528,hastings,50.8552,0.5729,283.66,93,100,10.38,GB,1712093366
529,novosokol'niki,56.3463,30.1578,287.07,78,77,3.88,RU,1712093549
530,puerto francisco de orellana,-0.4667,-76.9667,298.18,88,100,1.03,EC,1712093317
531,roma,43.2128,-75.4557,280.69,79,75,6.17,US,1712093256
532,slave lake,55.2834,-114.769,286.14,35,75,2.06,CA,1712093495
533,arawa,-6.2132,155.5367,301.6,81,65,2.24,PG,1712093551
534,malango,-2.9627,119.9001,293.81,97,100,0.48,ID,1712093551
535,vuktyl,63.8567,57.3094,265.99,91,97,4.02,RU,1712093552
536,cole harbour,44.6724,-63.4751,280.89,60,91,3.58,CA,1712093552
537,medicine hat,50.0501,-110.6683,292.16,35,75,5.66,CA,1712093280
538,atafu village,-8.5421,-172.5159,302.36,72,61,1.47,TK,1712093553
539,floriano,-6.7669,-43.0225,300.55,78,99,1.67,BR,1712093441
540,shahrak,34.1074,64.3052,273.88,75,9,1.32,AF,1712093553
541,qal'ah-ye shahr,35.5473,65.5676,272.97,86,90,0.1,AF,1712093554
542,talara,-4.5772,-81.2719,302.57,54,40,6.17,PE,1712093554
543,vilyuysk,63.7553,121.6247,253.3,100,98,1.8,RU,1712093555
544,narasannapeta,18.4167,84.05,300.47,81,72,4.68,IN,1712093555
545,longboat key,27.4125,-82.659,302.08,74,0,7.72,US,1712093555
546,rio grande,-32.035,-52.0986,294.21,66,71,4.27,BR,1712093505
547,fale old settlement,-9.3852,-171.2468,302.45,73,70,1.56,TK,1712093556
548,colares,38.7992,-9.4469,288.33,97,7,11.18,PT,1712093557
549,chaman,30.9236,66.4512,287.91,35,57,1.99,PK,1712093557
550,kongsvinger,60.1905,11.9977,273.52,80,100,3.86,NO,1712093557
551,orapa,-21.2833,25.3667,295.87,43,94,5.56,BW,1712093558
552,shenjiamen,29.9576,122.298,287.39,100,100,2.28,CN,1712093558
553,hopkinsville,36.8656,-87.4886,297.12,52,57,8.03,US,1712093527
554,chardara,41.2547,67.9692,286.56,55,99,1.37,KZ,1712093559
555,mossel bay,-34.1831,22.146,290.24,88,66,1.23,ZA,1712093559
556,orda,57.1951,56.9091,277.26,98,100,6.07,RU,1712093473
557,suva,-18.1416,178.4415,302.86,79,75,4.63,FJ,1712093560
558,es castell,39.8795,4.2854,288.53,82,20,2.06,ES,1712093560
559,neon karlovasion,37.7903,26.7044,293.1,79,100,4.47,GR,1712093561
560,khandyga,62.6667,135.6,258.3,97,100,0.85,RU,1712093561
561,port isabel,26.0734,-97.2086,305.2,50,0,7.15,US,1712093561
562,ayacucho,-13.1583,-74.2239,294.07,49,75,2.06,PE,1712093487
563,kidal,18.4411,1.4078,306.22,14,75,5.34,ML,1712093562
564,alpena,45.0617,-83.4327,277.65,85,100,8.75,US,1712093563
565,pecica,46.1667,21.0667,284.3,71,76,3.09,RO,1712093563
566,astara,38.5,48.6667,280.54,75,17,0.81,AZ,1712093564
567,chernihiv,51.0,32.0,284.07,68,26,9.7,UA,1712093564
568,grand falls-windsor,48.9332,-55.6649,274.54,86,96,2.68,CA,1712093564
569,port de pollenca,39.9075,3.0814,288.33,66,96,3.77,ES,1712093565
570,ajdabiya,30.7554,20.2263,297.1,29,0,4.37,LY,1712093565
571,chuhar jamali,24.3895,67.9923,297.74,70,66,6.09,PK,1712093566
572,las terrenas,19.311,-69.5428,303.08,70,20,3.09,DO,1712093566
573,tuy hoa,13.0833,109.3,297.6,87,63,3.28,VN,1712093566
574,cedeira,43.6797,-8.0209,287.58,76,44,9.79,ES,1712093567
575,sawai madhopur,25.9833,76.3667,298.05,19,86,3.6,IN,1712093567
576,dunedin,-45.8742,170.5036,285.82,82,99,2.68,NZ,1712093547
577,igreja,15.0333,-24.3333,294.5,81,8,7.56,CV,1712093568
578,chipinge,-20.1883,32.6236,289.07,88,62,1.73,ZW,1712093568
579,umluj,25.0213,37.2685,298.68,53,2,3.18,SA,1712093569
580,guozhen,34.3659,107.359,285.26,62,100,1.41,CN,1712093569
581,kimberley,-28.7323,24.7623,293.89,35,17,3.71,ZA,1712093552
582,kone,-21.0595,164.8658,300.58,62,7,2.28,NC,1712093570
583,dakhla,23.6848,-15.958,291.16,88,0,8.75,EH,1712093570
584,libenge,3.65,18.6333,298.76,74,98,3.14,CD,1712093571
585,gouyave,12.1646,-61.7296,301.58,79,75,6.17,GD,1712093571
586,lebu,-37.6167,-73.65,286.95,78,100,2.62,CL,1712093571
587,kurumkan,54.3,110.3,264.89,81,7,3.13,RU,1712093572
588,zelenoborskiy,66.845,32.3622,258.97,98,92,1.87,RU,1712093572
589,camiri,-20.05,-63.5167,304.03,58,75,2.06,BO,1712093573
590,kill devil hills,36.0307,-75.676,296.15,75,0,6.17,US,1712093573
591,narra,9.3167,118.4,298.27,83,21,1.68,PH,1712093574
592,lydenburg,-25.0978,30.4597,287.83,89,32,0.65,ZA,1712093574
593,lompoc,34.6391,-120.4579,296.4,56,0,6.17,US,1712093435
594,weno,7.4515,151.8468,300.12,94,100,4.63,FM,1712093575
595,al mindak,20.1588,41.2834,285.93,71,67,1.28,SA,1712093575
596,peace river,56.2501,-117.286,290.32,39,75,5.14,CA,1712093400
597,pumiao,22.75,108.4833,296.37,88,0,6.33,CN,1712093576
598,bela,25.9333,81.9833,298.09,20,100,3.25,IN,1712093576
599,isangel,-19.55,169.2667,300.29,78,82,5.31,VU,1712093577
600,arrifes,37.7667,-25.7,290.33,88,75,10.29,PT,1712093577
601,porto novo,6.4965,2.6036,304.05,82,90,3.62,BJ,1712093404
602,curvelo,-18.7564,-44.4308,296.29,89,100,1.25,BR,1712093396
603,poltavka,54.3663,71.7632,270.55,91,74,3.51,RU,1712093579
604,ichnya,50.8626,32.3942,284.91,65,44,8.17,UA,1712093579
